edwinevi,C2_SimpleBashUtils,2022-11-11
quayleco,C2_SimpleBashUtils,2022-11-14
nancieco,C2_SimpleBashUtils,2022-11-17
annabelw,C2_SimpleBashUtils,2022-11-18
thracebe,C2_SimpleBashUtils,2022-11-18
thracebe,C2_SimpleBashUtils,2022-11-19
codswort,C2_SimpleBashUtils,2022-11-23
edwinevi,C4_s21_math,2022-12-05
annabelw,C3_s21_stringplus,2022-12-06
edwinevi,C4_s21_math,2022-12-06
codswort,C3_s21_stringplus,2022-12-07
thracebe,C3_s21_stringplus,2022-12-08
quayleco,C3_s21_stringplus,2022-12-09
codswort,C3_s21_stringplus,2022-12-09
annabelw,C4_s21_math,2022-12-09
codswort,C4_s21_math,2022-12-10
quayleco,C4_s21_math,2022-12-11
nancieco,C4_s21_math,2022-12-12
thracebe,C4_s21_math,2023-01-16
edwinevi,C3_s21_stringplus,2023-01-21
nancieco,C3_s21_stringplus,2023-01-22
edwinevi,C5_s21_decimal,2023-02-02
edwinevi,C6_s21_matrix,2023-02-02
nancieco,C5_s21_decimal,2023-02-03
edwinevi,C3_s21_stringplus,2023-02-10
codswort,C5_s21_decimal,2023-02-12
annabelw,C5_s21_decimal,2023-02-13
quayleco,C5_s21_decimal,2023-02-14
codswort,C5_s21_decimal,2023-02-16
edwinevi,C7_SmartCalc,2023-02-23
annabelw,C6_s21_matrix,2023-02-24
codswort,C6_s21_matrix,2023-02-24
quayleco,C6_s21_matrix,2023-02-24
quayleco,C7_SmartCalc,2023-03-19
quayleco,C7_SmartCalc,2023-03-21
thracebe,C5_s21_decimal,2023-03-30
codswort,C7_SmartCalc,2023-03-31
annabelw,C7_SmartCalc,2023-04-02
edwinevi,C8_3DViewer,2023-04-03
annabelw,C7_SmartCalc,2023-04-04
thracebe,C5_s21_decimal,2023-04-05
thracebe,C6_s21_matrix,2023-04-15
quayleco,C8_3DViewer,2023-04-15
codswort,C8_3DViewer,2023-04-15
annabelw,C8_3DViewer,2023-04-17
annabelw,C8_3DViewer,2023-04-19
quayleco,CPP1_s21_matrixplus,2023-04-26
edwinevi,DO1_Linux,2023-05-01
edwinevi,DO2_LinuxNetwork,2023-05-10
edwinevi,DO3_LinuxMonitoring_v1.0,2023-05-18
edwinevi,DO4_SimpleDocker,2023-05-25
edwinevi,DO5_LinuxMonitoring_v2.0,2023-06-05
edwinevi,DO6_CICD,2023-06-12
