1,annabelw,Start,10:30:23
1,annabelw,Success,10:50:30
2,edwinevi,Start,11:30:23
2,edwinevi,Success,11:50:30
3,edwinevi,Start,18:30:23
3,edwinevi,Success,18:50:30
4,codswort,Start,15:30:23
4,codswort,Success,15:50:30
5,annabelw,Start,10:30:23
5,annabelw,Failure,10:50:30
6,quayleco,Start,18:00:23
6,quayleco,Success,18:30:30
7,annabelw,Start,10:30:23
7,annabelw,Success,10:50:30
8,quayleco,Start,15:00:32
8,quayleco,Success,15:30:34
9,codswort,Start,18:45:30
9,codswort,Success,18:05:34
10,thracebe,Start,11:15:34
10,thracebe,Success,11:46:00
11,nancieco,Start,16:45:38
11,nancieco,Failure,17:16:00
12,annabelw,Start,18:22:00
12,annabelw,Success,18:58:00
13,edwinevi,Start,08:30:03
13,edwinevi,Success,09:05:54
14,nancieco,Start,18:32:00
14,nancieco,Success,18:58:45
15,quayleco,Start,19:33:45
15,quayleco,Success,19:59:00
16,annabelw,Start,10:30:23
16,annabelw,Success,10:50:30
17,edwinevi,Start,11:30:23
17,edwinevi,Success,11:50:30
18,edwinevi,Start,18:30:23
18,edwinevi,Success,18:50:30
19,codswort,Start,15:30:23
19,codswort,Success,15:50:30
20,annabelw,Start,10:30:23
20,annabelw,Failure,10:50:30
21,quayleco,Start,18:00:23
21,quayleco,Success,18:30:30
22,annabelw,Start,10:30:23
22,annabelw,Success,10:50:30
23,quayleco,Start,15:00:32
23,quayleco,Success,15:30:34
24,codswort,Start,18:45:30
24,codswort,Success,18:05:34
25,thracebe,Start,11:15:34
25,thracebe,Success,11:46:00
26,nancieco,Start,16:45:38
26,nancieco,Failure,17:16:00
27,thracebe,Start,18:22:00
27,thracebe,Success,18:58:00
28,annabelw,Start,08:30:03
28,annabelw,Success,09:05:54
29,nancieco,Start,18:32:00
29,nancieco,Success,18:58:45
30,quayleco,Start,19:33:45
30,quayleco,Success,19:59:00
31,edwinevi,Start,11:30:23
31,edwinevi,Success,11:50:30
32,edwinevi,Start,18:30:23
32,edwinevi,Success,18:50:30
33,codswort,Start,15:30:23
33,codswort,Success,15:50:30
34,annabelw,Start,10:30:23
34,annabelw,Failure,10:50:30
35,annabelw,Start,10:30:23
35,annabelw,Success,10:50:30
36,quayleco,Start,15:00:32
36,quayleco,Success,15:30:34
37,thracebe,Start,11:15:34
37,thracebe,Success,11:46:00
38,nancieco,Start,16:45:38
38,nancieco,Failure,17:16:00
39,annabelw,Start,18:22:00
39,annabelw,Success,18:58:00
40,edwinevi,Start,08:30:03
40,edwinevi,Success,09:05:54
41,nancieco,Start,18:32:00
41,nancieco,Success,18:58:45
42,quayleco,Start,19:33:45
42,quayleco,Success,19:59:00
43,annabelw,Start,10:30:23
43,annabelw,Success,10:50:30
44,edwinevi,Start,11:30:23
44,edwinevi,Success,11:50:30
45,edwinevi,Start,18:30:23
45,edwinevi,Success,18:50:30
46,quayleco,Start,19:30:34
46,quayleco,Success,20:00:34
47,annabelw,Start,19:30:34
47,annabelw,Failure,20:05:44
48,quayleco,Start,19:33:45
48,quayleco,Success,19:59:00
49,annabelw,Start,10:30:23
49,annabelw,Success,10:50:30
50,codswort,Start,11:30:23
50,codswort,Success,11:50:30
51,nancieco,Start,18:30:23
51,nancieco,Success,18:50:30
52,quayleco,Start,19:30:34
52,quayleco,Success,20:00:34
53,codswort,Start,19:30:34
53,codswort,Success,20:05:44
